{
    "forcing_file":"./Forcing/forcing_data_synthetic.csv",
    "catchment_area_km2":10,
    "peturbation_factor": 0.75,
    "number_of_ensemble": 7,
    "alpha_fc":0.33,
    "soil_params":{
        "depth":2.0,
        "satdk":1.1870689655172417e-06,
        "satpsi":0.35418791384482756,
        "slop":0.14277014739655175,
        "smcmax":0.468639072362069,
        "wltsmc":0.06614605677586206,
        "bb":2.0,
        "D":2.0,
        "mult":1000.0
    },
    "refkdt":3.5315397869999994,
    "max_gw_storage":0.194467529297,
    "Cgw":1.8e-05,
    "expon":1.0,
    "gw_storage":0.05,
    "soil_storage":0.05,
    "K_lf":0.01,
    "K_nash":0.03,
    "nash_storage":[
        0.0,
        0.0
    ],
    "giuh_ordinates":[
        0.33,
        0.26,
        0.19,
        0.11,
        0.06,
        0.03,
        0.01,
        0.01,
        0.0,
        0.0,
        0.0
    ],
    "stand_alone":1,
    "unit_test":0,
    "compare_results_file":""
}